customer_id,churn_probability,churn_prediction,risk_level,monthly_charges,tenure_months,contract_type
CUST_004001,0.7415352,1,High,117.94,6,Month-to-month
CUST_004002,0.140515,0,Low,34.39,12,Two year
CUST_004003,0.62726957,1,Medium,90.62,10,Month-to-month
CUST_004004,0.13617818,0,Low,40.13,46,One year
CUST_004005,0.71059424,1,High,49.53,3,Month-to-month
CUST_004006,0.26488662,0,Low,84.72,20,One year
CUST_004007,0.70264566,1,High,90.69,3,Month-to-month
CUST_004008,0.13471773,0,Low,33.22,29,One year
CUST_004009,0.43506348,0,Medium,92.26,56,Month-to-month
CUST_004010,0.26228666,0,Low,91.12,13,Two year
CUST_004011,0.14606185,0,Low,41.55,16,Two year
CUST_004012,0.30858284,0,Medium,104.97,62,One year
CUST_004013,0.39712694,0,Medium,28.58,17,Month-to-month
CUST_004014,0.5169232,1,Medium,49.38,16,Month-to-month
CUST_004015,0.21513537,0,Low,76.98,20,Two year
CUST_004016,0.44526806,0,Medium,43.66,28,Month-to-month
CUST_004017,0.731826,1,High,71.6,2,Month-to-month
CUST_004018,0.13594906,0,Low,71.03,41,One year
CUST_004019,0.43084726,0,Medium,60.32,13,Month-to-month
CUST_004020,0.72965646,1,High,85.81,1,Month-to-month
CUST_004021,0.26795238,0,Low,59.29,37,One year
CUST_004022,0.74061495,1,High,70.79,11,Month-to-month
CUST_004023,0.69421315,1,Medium,93.66,2,Month-to-month
CUST_004024,0.28892362,0,Low,84.77,24,One year
CUST_004025,0.31085584,0,Medium,84.65,50,Month-to-month
CUST_004026,0.13617818,0,Low,36.27,52,One year
CUST_004027,0.23258686,0,Low,78.12,72,Month-to-month
CUST_004028,0.13393578,0,Low,43.04,48,One year
CUST_004029,0.71201575,1,High,32.96,1,Month-to-month
CUST_004030,0.3653934,0,Medium,63.21,11,Month-to-month
CUST_004031,0.52777624,1,Medium,42.39,40,Month-to-month
CUST_004032,0.5331419,1,Medium,84.77,10,Month-to-month
CUST_004033,0.14894381,0,Low,85.36,22,Two year
CUST_004034,0.34865543,0,Medium,17.43,22,Month-to-month
CUST_004035,0.46529898,0,Medium,44.29,10,One year
CUST_004036,0.13617818,0,Low,28.51,56,Two year
CUST_004037,0.20616925,0,Low,53.43,16,One year
CUST_004038,0.5235802,1,Medium,76.38,15,Month-to-month
CUST_004039,0.42134413,0,Medium,58.94,72,Month-to-month
CUST_004040,0.14275073,0,Low,50.26,16,Two year
CUST_004041,0.6916315,1,Medium,97.5,4,One year
CUST_004042,0.22174172,0,Low,15.0,17,One year
CUST_004043,0.2659612,0,Low,95.92,40,Month-to-month
CUST_004044,0.13807586,0,Low,51.39,35,Two year
CUST_004045,0.25525668,0,Low,63.05,37,One year
CUST_004046,0.31024384,0,Medium,51.82,29,Month-to-month
CUST_004047,0.42603746,0,Medium,103.57,7,One year
CUST_004048,0.19506057,0,Low,34.23,47,Month-to-month
CUST_004049,0.22104783,0,Low,65.29,53,Month-to-month
CUST_004050,0.24220525,0,Low,78.19,5,Two year
CUST_004051,0.6308259,1,Medium,24.72,3,Month-to-month
CUST_004052,0.12835476,0,Low,42.0,72,One year
CUST_004053,0.4132666,0,Medium,61.3,48,Month-to-month
CUST_004054,0.32959473,0,Medium,42.83,53,Month-to-month
CUST_004055,0.44701582,0,Medium,44.61,52,Month-to-month
CUST_004056,0.21792194,0,Low,56.25,18,Two year
CUST_004057,0.6316263,1,Medium,81.24,24,Month-to-month
CUST_004058,0.36349165,0,Medium,56.43,18,Month-to-month
CUST_004059,0.6736224,1,Medium,91.96,1,One year
CUST_004060,0.2704674,0,Low,40.06,32,Month-to-month
CUST_004061,0.46575102,0,Medium,33.7,16,Month-to-month
CUST_004062,0.42930642,0,Medium,113.16,25,Month-to-month
CUST_004063,0.33906072,0,Medium,48.55,16,Month-to-month
CUST_004064,0.47443357,0,Medium,32.23,16,Month-to-month
CUST_004065,0.6307885,1,Medium,21.45,4,Month-to-month
CUST_004066,0.56749713,1,Medium,91.88,7,Month-to-month
CUST_004067,0.57421285,1,Medium,56.47,4,One year
CUST_004068,0.678272,1,Medium,58.66,5,Month-to-month
CUST_004069,0.16342574,0,Low,61.02,72,Two year
CUST_004070,0.48123282,0,Medium,90.32,3,One year
CUST_004071,0.4886905,0,Medium,60.51,7,Month-to-month
CUST_004072,0.21514146,0,Low,123.6,21,Two year
CUST_004073,0.6148708,1,Medium,68.34,22,Month-to-month
CUST_004074,0.75766206,1,High,91.54,4,Month-to-month
CUST_004075,0.3734486,0,Medium,85.13,37,Month-to-month
CUST_004076,0.13295668,0,Low,64.09,36,One year
CUST_004077,0.3849714,0,Medium,50.33,6,Month-to-month
CUST_004078,0.61121863,1,Medium,73.3,8,Month-to-month
CUST_004079,0.3777236,0,Medium,77.75,66,Month-to-month
CUST_004080,0.32962537,0,Medium,50.69,41,One year
CUST_004081,0.27778187,0,Low,69.16,28,Month-to-month
CUST_004082,0.74272346,1,High,95.91,2,Month-to-month
CUST_004083,0.5007694,1,Medium,116.75,13,Month-to-month
CUST_004084,0.21992855,0,Low,86.36,19,Two year
CUST_004085,0.8113805,1,High,111.57,4,Month-to-month
CUST_004086,0.43152145,0,Medium,49.27,14,Month-to-month
CUST_004087,0.14574996,0,Low,82.55,22,Two year
CUST_004088,0.56764346,1,Medium,98.46,9,Month-to-month
CUST_004089,0.16019952,0,Low,42.59,36,One year
CUST_004090,0.13393578,0,Low,52.86,44,Two year
CUST_004091,0.20867018,0,Low,108.45,9,Two year
CUST_004092,0.3981225,0,Medium,40.62,43,Month-to-month
CUST_004093,0.6907124,1,Medium,31.47,2,Month-to-month
CUST_004094,0.29369453,0,Low,103.2,43,Month-to-month
CUST_004095,0.29347277,0,Low,94.92,3,Two year
CUST_004096,0.5282099,1,Medium,75.8,2,Two year
CUST_004097,0.57225496,1,Medium,63.86,24,Month-to-month
CUST_004098,0.19437203,0,Low,54.04,15,One year
CUST_004099,0.12612075,0,Low,72.05,57,Two year
CUST_004100,0.5835417,1,Medium,104.5,10,Month-to-month
CUST_004101,0.49179128,0,Medium,70.96,8,Month-to-month
CUST_004102,0.5874206,1,Medium,119.17,16,Month-to-month
CUST_004103,0.4212426,0,Medium,42.55,14,Month-to-month
CUST_004104,0.21936342,0,Low,64.51,10,Two year
CUST_004105,0.14996685,0,Low,55.67,28,Two year
CUST_004106,0.21304938,0,Low,37.87,34,Month-to-month
CUST_004107,0.39195982,0,Medium,61.17,46,Month-to-month
CUST_004108,0.2065408,0,Low,75.43,72,Month-to-month
CUST_004109,0.1780358,0,Low,78.11,7,One year
CUST_004110,0.16679566,0,Low,119.26,30,One year
CUST_004111,0.19358575,0,Low,76.61,12,One year
CUST_004112,0.26732558,0,Low,93.75,27,One year
CUST_004113,0.47846144,0,Medium,66.65,15,Month-to-month
CUST_004114,0.4324474,0,Medium,106.95,72,Month-to-month
CUST_004115,0.24500452,0,Low,124.96,31,Two year
CUST_004116,0.21755613,0,Low,78.28,72,Month-to-month
CUST_004117,0.1342759,0,Low,40.18,43,One year
CUST_004118,0.22387159,0,Low,51.28,55,Month-to-month
CUST_004119,0.189594,0,Low,72.05,40,One year
CUST_004120,0.25031534,0,Low,76.41,14,One year
CUST_004121,0.19362979,0,Low,82.46,6,One year
CUST_004122,0.13121356,0,Low,76.5,11,Two year
CUST_004123,0.7752111,1,High,65.17,1,Month-to-month
CUST_004124,0.30078217,0,Medium,49.1,17,One year
CUST_004125,0.43799984,0,Medium,75.03,16,Month-to-month
CUST_004126,0.18731979,0,Low,111.37,17,One year
CUST_004127,0.32706246,0,Medium,90.5,72,Month-to-month
CUST_004128,0.17844568,0,Low,78.37,58,Two year
CUST_004129,0.64717764,1,Medium,90.74,4,Month-to-month
CUST_004130,0.38280523,0,Medium,55.72,11,Month-to-month
CUST_004131,0.31583908,0,Medium,52.29,13,Month-to-month
CUST_004132,0.14880821,0,Low,46.31,10,Two year
CUST_004133,0.35628024,0,Medium,61.87,38,Month-to-month
CUST_004134,0.66515267,1,Medium,54.45,17,Month-to-month
CUST_004135,0.36368078,0,Medium,95.21,20,Month-to-month
CUST_004136,0.25001165,0,Low,53.12,46,Month-to-month
CUST_004137,0.27033132,0,Low,44.93,39,Month-to-month
CUST_004138,0.4797563,0,Medium,113.56,3,One year
CUST_004139,0.35877097,0,Medium,53.72,30,Month-to-month
CUST_004140,0.21339531,0,Low,68.84,13,One year
CUST_004141,0.78884786,1,High,76.28,8,Month-to-month
CUST_004142,0.70893866,1,High,36.58,1,Month-to-month
CUST_004143,0.3598677,0,Medium,95.89,16,One year
CUST_004144,0.5078881,1,Medium,80.93,10,Month-to-month
CUST_004145,0.6339113,1,Medium,103.96,6,Month-to-month
CUST_004146,0.45592415,0,Medium,48.02,28,Month-to-month
CUST_004147,0.24263701,0,Low,67.48,35,Month-to-month
CUST_004148,0.16582143,0,Low,65.98,6,One year
CUST_004149,0.5613627,1,Medium,71.6,1,One year
CUST_004150,0.12835476,0,Low,28.63,45,One year
CUST_004151,0.686687,1,Medium,67.77,1,Month-to-month
CUST_004152,0.41101786,0,Medium,29.34,66,Month-to-month
CUST_004153,0.8005367,1,High,73.96,23,Month-to-month
CUST_004154,0.17511582,0,Low,15.0,9,One year
CUST_004155,0.3369178,0,Medium,18.71,6,Month-to-month
CUST_004156,0.5695768,1,Medium,85.46,1,Month-to-month
CUST_004157,0.23279707,0,Low,51.33,6,One year
CUST_004158,0.7035014,1,High,40.3,3,Month-to-month
CUST_004159,0.3331984,0,Medium,96.77,22,Two year
CUST_004160,0.73851436,1,High,73.19,4,Month-to-month
CUST_004161,0.3055144,0,Medium,86.8,18,One year
CUST_004162,0.3438418,0,Medium,60.84,21,Month-to-month
CUST_004163,0.2358913,0,Low,131.99,8,Two year
CUST_004164,0.7021566,1,High,49.89,1,Month-to-month
CUST_004165,0.67230725,1,Medium,108.61,1,Month-to-month
CUST_004166,0.58823526,1,Medium,63.47,1,Month-to-month
CUST_004167,0.16462874,0,Low,23.64,32,Two year
CUST_004168,0.1431705,0,Low,77.07,9,Two year
CUST_004169,0.39325795,0,Medium,72.87,38,Month-to-month
CUST_004170,0.16758633,0,Low,38.72,13,One year
CUST_004171,0.1741776,0,Low,41.94,14,One year
CUST_004172,0.49983448,0,Medium,64.38,17,Month-to-month
CUST_004173,0.38039738,0,Medium,73.74,29,Month-to-month
CUST_004174,0.4273368,0,Medium,15.0,7,Two year
CUST_004175,0.7253409,1,High,91.33,3,Month-to-month
CUST_004176,0.41273248,0,Medium,52.64,19,Month-to-month
CUST_004177,0.45729467,0,Medium,31.71,9,Month-to-month
CUST_004178,0.5023546,1,Medium,88.53,14,Month-to-month
CUST_004179,0.1866577,0,Low,64.41,24,One year
CUST_004180,0.49979636,0,Medium,95.4,16,Month-to-month
CUST_004181,0.4208132,0,Medium,75.95,23,Month-to-month
CUST_004182,0.76805323,1,High,64.96,18,Month-to-month
CUST_004183,0.304762,0,Medium,61.18,32,Month-to-month
CUST_004184,0.23565356,0,Low,77.07,29,Month-to-month
CUST_004185,0.19501254,0,Low,54.66,18,Two year
CUST_004186,0.46809277,0,Medium,43.69,27,Month-to-month
CUST_004187,0.221801,0,Low,80.25,49,One year
CUST_004188,0.33622453,0,Medium,61.39,13,Month-to-month
CUST_004189,0.32890093,0,Medium,65.84,12,Month-to-month
CUST_004190,0.6298728,1,Medium,92.23,34,Month-to-month
CUST_004191,0.20438193,0,Low,62.15,20,One year
CUST_004192,0.20566908,0,Low,65.38,1,Two year
CUST_004193,0.21707852,0,Low,50.01,53,Month-to-month
CUST_004194,0.66592956,1,Medium,75.77,1,Month-to-month
CUST_004195,0.14543344,0,Low,73.75,33,One year
CUST_004196,0.5569487,1,Medium,87.52,34,Month-to-month
CUST_004197,0.13393578,0,Low,50.52,72,One year
CUST_004198,0.7499574,1,High,53.55,1,Month-to-month
CUST_004199,0.15737255,0,Low,84.8,21,One year
CUST_004200,0.1696782,0,Low,71.31,13,One year
CUST_004201,0.3514668,0,Medium,42.34,9,Month-to-month
CUST_004202,0.5428717,1,Medium,97.66,2,One year
CUST_004203,0.2526922,0,Low,22.54,19,Month-to-month
CUST_004204,0.48333234,0,Medium,84.61,15,Month-to-month
CUST_004205,0.73503345,1,High,33.37,2,Month-to-month
CUST_004206,0.4670764,0,Medium,112.14,22,Month-to-month
CUST_004207,0.4298195,0,Medium,26.39,32,Month-to-month
CUST_004208,0.18879746,0,Low,93.81,34,Two year
CUST_004209,0.12612075,0,Low,62.96,56,One year
CUST_004210,0.44575107,0,Medium,55.83,12,Month-to-month
CUST_004211,0.15639205,0,Low,69.63,72,Two year
CUST_004212,0.4917936,0,Medium,80.8,48,Month-to-month
CUST_004213,0.42612758,0,Medium,42.39,8,One year
CUST_004214,0.68808424,1,Medium,44.61,4,Month-to-month
CUST_004215,0.24007235,0,Low,81.24,13,One year
CUST_004216,0.1982753,0,Low,22.32,12,One year
CUST_004217,0.16869386,0,Low,50.39,20,One year
CUST_004218,0.58057916,1,Medium,141.02,21,Month-to-month
CUST_004219,0.33524248,0,Medium,40.8,33,Month-to-month
CUST_004220,0.8234826,1,High,93.7,17,Month-to-month
CUST_004221,0.75703526,1,High,50.35,2,Month-to-month
CUST_004222,0.38078442,0,Medium,77.73,46,Month-to-month
CUST_004223,0.36320928,0,Medium,81.36,8,One year
CUST_004224,0.18155727,0,Low,93.22,72,Two year
CUST_004225,0.70360965,1,High,59.99,3,Month-to-month
CUST_004226,0.33213714,0,Medium,114.72,72,Month-to-month
CUST_004227,0.38299495,0,Medium,50.27,2,Two year
CUST_004228,0.14508863,0,Low,70.86,6,Two year
CUST_004229,0.6346971,1,Medium,71.13,1,Month-to-month
CUST_004230,0.3763884,0,Medium,36.95,29,Month-to-month
CUST_004231,0.13607696,0,Low,57.85,45,One year
CUST_004232,0.21261212,0,Low,69.04,13,One year
CUST_004233,0.3215103,0,Medium,54.2,63,Month-to-month
CUST_004234,0.33297756,0,Medium,126.02,21,One year
CUST_004235,0.15807724,0,Low,44.03,23,One year
CUST_004236,0.3140273,0,Medium,94.49,44,Month-to-month
CUST_004237,0.38016602,0,Medium,86.41,8,One year
CUST_004238,0.36642516,0,Medium,64.65,10,Month-to-month
CUST_004239,0.15371834,0,Low,43.37,56,One year
CUST_004240,0.15336221,0,Low,45.79,55,One year
CUST_004241,0.32733104,0,Medium,52.05,72,Month-to-month
CUST_004242,0.12835476,0,Low,20.36,55,One year
CUST_004243,0.7293874,1,High,39.91,3,One year
CUST_004244,0.13617818,0,Low,27.94,41,Two year
CUST_004245,0.6055919,1,Medium,98.65,12,Month-to-month
CUST_004246,0.35546035,0,Medium,80.46,72,Month-to-month
CUST_004247,0.18636088,0,Low,84.65,15,Two year
CUST_004248,0.3499708,0,Medium,79.72,19,One year
CUST_004249,0.14519162,0,Low,69.17,18,Two year
CUST_004250,0.6376888,1,Medium,101.52,9,Month-to-month
CUST_004251,0.7038701,1,High,49.73,1,Month-to-month
CUST_004252,0.19651096,0,Low,67.67,54,Month-to-month
CUST_004253,0.13139956,0,Low,83.68,38,Two year
CUST_004254,0.6561605,1,Medium,31.97,3,Two year
CUST_004255,0.18024614,0,Low,142.41,35,One year
CUST_004256,0.51213133,1,Medium,65.71,23,Month-to-month
CUST_004257,0.36754683,0,Medium,68.55,12,Month-to-month
CUST_004258,0.40969962,0,Medium,96.42,7,One year
CUST_004259,0.18367341,0,Low,87.87,47,One year
CUST_004260,0.14544173,0,Low,65.95,28,One year
CUST_004261,0.34309837,0,Medium,68.25,19,Month-to-month
CUST_004262,0.31588173,0,Medium,27.4,22,Month-to-month
CUST_004263,0.75581956,1,High,51.09,2,Month-to-month
CUST_004264,0.15932176,0,Low,77.93,15,One year
CUST_004265,0.74111503,1,High,76.1,5,Month-to-month
CUST_004266,0.3354145,0,Medium,95.53,5,Two year
CUST_004267,0.21440917,0,Low,61.99,25,One year
CUST_004268,0.21225797,0,Low,30.32,58,Month-to-month
CUST_004269,0.7884154,1,High,91.42,12,Month-to-month
CUST_004270,0.29593247,0,Low,100.9,5,Two year
CUST_004271,0.5332713,1,Medium,87.46,25,Month-to-month
CUST_004272,0.2680122,0,Low,60.91,49,Month-to-month
CUST_004273,0.23042215,0,Low,91.11,33,Two year
CUST_004274,0.32861513,0,Medium,150.0,48,One year
CUST_004275,0.17932041,0,Low,67.88,18,One year
CUST_004276,0.29697666,0,Low,32.21,33,Month-to-month
CUST_004277,0.37917522,0,Medium,50.34,3,Two year
CUST_004278,0.558989,1,Medium,80.64,10,Month-to-month
CUST_004279,0.4054695,0,Medium,24.88,11,Month-to-month
CUST_004280,0.33874795,0,Medium,69.24,17,Month-to-month
CUST_004281,0.31487736,0,Medium,74.51,63,Month-to-month
CUST_004282,0.17319085,0,Low,103.38,49,Two year
CUST_004283,0.6179327,1,Medium,97.75,3,One year
CUST_004284,0.4649898,0,Medium,86.61,4,One year
CUST_004285,0.18681987,0,Low,15.0,10,Two year
CUST_004286,0.47221226,0,Medium,88.03,8,Month-to-month
CUST_004287,0.5163756,1,Medium,82.64,22,Month-to-month
CUST_004288,0.16333836,0,Low,71.4,55,One year
CUST_004289,0.16036871,0,Low,21.74,72,One year
CUST_004290,0.433395,0,Medium,45.58,25,Month-to-month
CUST_004291,0.26633966,0,Low,35.83,43,Month-to-month
CUST_004292,0.3447221,0,Medium,15.0,17,Month-to-month
CUST_004293,0.74217194,1,High,64.93,5,Month-to-month
CUST_004294,0.30043772,0,Medium,45.05,17,Month-to-month
CUST_004295,0.41584226,0,Medium,130.63,19,Month-to-month
CUST_004296,0.4023307,0,Medium,60.78,32,Month-to-month
CUST_004297,0.7755876,1,High,97.34,5,Month-to-month
CUST_004298,0.42921266,0,Medium,25.77,11,Month-to-month
CUST_004299,0.13821259,0,Low,51.75,10,Two year
CUST_004300,0.17303434,0,Low,67.42,72,Two year
CUST_004301,0.15404843,0,Low,42.3,14,One year
CUST_004302,0.15720424,0,Low,54.44,33,Two year
CUST_004303,0.1488974,0,Low,59.55,33,Two year
CUST_004304,0.66266793,1,Medium,59.15,7,Month-to-month
CUST_004305,0.50911444,1,Medium,111.38,20,Month-to-month
CUST_004306,0.19057581,0,Low,74.46,53,Two year
CUST_004307,0.1685373,0,Low,76.99,15,One year
CUST_004308,0.444572,0,Medium,78.49,69,Month-to-month
CUST_004309,0.43468127,0,Medium,80.32,5,One year
CUST_004310,0.55110455,1,Medium,62.93,1,Month-to-month
CUST_004311,0.38953397,0,Medium,56.98,53,Month-to-month
CUST_004312,0.28405866,0,Low,69.17,45,Month-to-month
CUST_004313,0.67392474,1,Medium,93.92,72,Month-to-month
CUST_004314,0.47537687,0,Medium,93.16,27,Month-to-month
CUST_004315,0.16029982,0,Low,58.99,66,Two year
CUST_004316,0.42049417,0,Medium,84.2,42,Month-to-month
CUST_004317,0.3034634,0,Medium,60.14,44,Month-to-month
CUST_004318,0.43104628,0,Medium,65.85,20,Month-to-month
CUST_004319,0.16352099,0,Low,53.16,11,One year
CUST_004320,0.14116797,0,Low,60.46,65,Two year
CUST_004321,0.66245437,1,Medium,98.53,13,Month-to-month
CUST_004322,0.30807137,0,Medium,67.31,18,Month-to-month
CUST_004323,0.5788411,1,Medium,68.38,14,Month-to-month
CUST_004324,0.17165814,0,Low,28.82,19,One year
CUST_004325,0.44575107,0,Medium,57.27,15,Month-to-month
CUST_004326,0.6849151,1,Medium,58.97,1,Month-to-month
CUST_004327,0.33102652,0,Medium,44.27,51,Month-to-month
CUST_004328,0.34074473,0,Medium,65.54,14,Month-to-month
CUST_004329,0.16226117,0,Low,54.27,21,Two year
CUST_004330,0.7187637,1,High,67.0,3,Month-to-month
CUST_004331,0.6657297,1,Medium,68.04,1,Month-to-month
CUST_004332,0.14600772,0,Low,41.11,6,Two year
CUST_004333,0.14141919,0,Low,55.03,29,Two year
CUST_004334,0.70162916,1,High,66.93,2,Month-to-month
CUST_004335,0.1962436,0,Low,94.61,57,Two year
CUST_004336,0.4869309,0,Medium,71.42,5,One year
CUST_004337,0.7488502,1,High,48.45,5,Month-to-month
CUST_004338,0.695784,1,Medium,74.98,4,Month-to-month
CUST_004339,0.69370925,1,Medium,107.69,1,Month-to-month
CUST_004340,0.48999086,0,Medium,87.92,35,Month-to-month
CUST_004341,0.24376707,0,Low,78.69,49,Month-to-month
CUST_004342,0.17114349,0,Low,83.14,22,One year
CUST_004343,0.33318374,0,Medium,101.0,5,Two year
CUST_004344,0.58844036,1,Medium,91.89,8,Month-to-month
CUST_004345,0.3667938,0,Medium,79.17,15,Month-to-month
CUST_004346,0.65470386,1,Medium,91.72,72,Month-to-month
CUST_004347,0.2560797,0,Low,37.96,6,One year
CUST_004348,0.14174452,0,Low,27.44,31,One year
CUST_004349,0.37050173,0,Medium,68.93,13,Month-to-month
CUST_004350,0.30404124,0,Medium,66.72,8,One year
CUST_004351,0.34949014,0,Medium,51.4,14,Month-to-month
CUST_004352,0.6303452,1,Medium,85.65,1,One year
CUST_004353,0.41870612,0,Medium,18.43,38,Month-to-month
CUST_004354,0.3902365,0,Medium,51.63,6,Month-to-month
CUST_004355,0.3837288,0,Medium,52.88,31,Month-to-month
CUST_004356,0.60982376,1,Medium,24.09,1,Two year
CUST_004357,0.1372123,0,Low,102.37,72,One year
CUST_004358,0.29193726,0,Low,31.02,5,Two year
CUST_004359,0.20057154,0,Low,50.29,51,Month-to-month
CUST_004360,0.36668894,0,Medium,87.7,39,Month-to-month
CUST_004361,0.4780039,0,Medium,81.15,72,Month-to-month
CUST_004362,0.16735896,0,Low,37.3,15,One year
CUST_004363,0.16048256,0,Low,82.06,31,Two year
CUST_004364,0.14095126,0,Low,72.24,11,Two year
CUST_004365,0.52240664,1,Medium,123.33,4,One year
CUST_004366,0.18307295,0,Low,75.1,14,One year
CUST_004367,0.3027929,0,Medium,61.47,4,Two year
CUST_004368,0.24785,0,Low,43.59,72,Month-to-month
CUST_004369,0.31776726,0,Medium,46.39,2,Two year
CUST_004370,0.30242026,0,Medium,44.36,21,Two year
CUST_004371,0.3787201,0,Medium,99.28,23,Month-to-month
CUST_004372,0.19647348,0,Low,65.45,18,One year
CUST_004373,0.54337126,1,Medium,79.13,26,Month-to-month
CUST_004374,0.7568074,1,High,102.86,2,Month-to-month
CUST_004375,0.25894102,0,Low,15.0,19,One year
CUST_004376,0.44356757,0,Medium,96.97,8,Month-to-month
CUST_004377,0.42976716,0,Medium,66.38,67,Month-to-month
CUST_004378,0.1529417,0,Low,75.88,34,Two year
CUST_004379,0.40001518,0,Medium,44.29,72,Month-to-month
CUST_004380,0.650982,1,Medium,46.12,1,Month-to-month
CUST_004381,0.1960663,0,Low,77.22,8,One year
CUST_004382,0.7336284,1,High,124.61,5,Month-to-month
CUST_004383,0.6982857,1,Medium,90.08,1,Month-to-month
CUST_004384,0.58790195,1,Medium,96.64,6,Month-to-month
CUST_004385,0.40725058,0,Medium,60.2,27,Month-to-month
CUST_004386,0.48155013,0,Medium,49.99,6,Month-to-month
CUST_004387,0.1499764,0,Low,45.48,17,Two year
CUST_004388,0.29079738,0,Low,52.79,52,Month-to-month
CUST_004389,0.41434562,0,Medium,15.0,28,Month-to-month
CUST_004390,0.17564617,0,Low,46.88,12,Two year
CUST_004391,0.15837868,0,Low,50.99,11,Two year
CUST_004392,0.34514698,0,Medium,60.62,14,Month-to-month
CUST_004393,0.44956905,0,Medium,68.29,4,One year
CUST_004394,0.15970142,0,Low,74.06,24,One year
CUST_004395,0.18283087,0,Low,64.63,10,One year
CUST_004396,0.15047187,0,Low,50.46,45,One year
CUST_004397,0.33464345,0,Medium,15.92,33,Month-to-month
CUST_004398,0.52931535,1,Medium,50.62,22,Month-to-month
CUST_004399,0.3920608,0,Medium,40.69,10,Month-to-month
CUST_004400,0.4669727,0,Medium,76.65,5,One year
CUST_004401,0.21233237,0,Low,87.73,35,One year
CUST_004402,0.41422024,0,Medium,88.46,15,Month-to-month
CUST_004403,0.5471921,1,Medium,83.92,6,Month-to-month
CUST_004404,0.44697773,0,Medium,61.66,5,Two year
CUST_004405,0.72551525,1,High,51.95,4,Month-to-month
CUST_004406,0.43635294,0,Medium,46.32,36,Month-to-month
CUST_004407,0.29731318,0,Low,27.31,6,One year
CUST_004408,0.5609006,1,Medium,89.8,17,Month-to-month
CUST_004409,0.42492294,0,Medium,60.63,14,Month-to-month
CUST_004410,0.3872654,0,Medium,33.84,20,Month-to-month
CUST_004411,0.14418498,0,Low,44.34,50,One year
CUST_004412,0.41746423,0,Medium,43.33,48,Month-to-month
CUST_004413,0.17069368,0,Low,66.08,14,Two year
CUST_004414,0.7076802,1,High,91.69,1,Month-to-month
CUST_004415,0.22600627,0,Low,56.3,13,One year
CUST_004416,0.33310738,0,Medium,15.0,22,Month-to-month
CUST_004417,0.48854393,0,Medium,60.27,19,Month-to-month
CUST_004418,0.15216962,0,Low,61.1,25,One year
CUST_004419,0.73960865,1,High,59.38,4,Month-to-month
CUST_004420,0.19202985,0,Low,49.31,24,One year
CUST_004421,0.7432641,1,High,70.44,4,Month-to-month
CUST_004422,0.27539396,0,Low,66.65,33,Month-to-month
CUST_004423,0.28481013,0,Low,64.38,9,One year
CUST_004424,0.23023371,0,Low,75.32,29,One year
CUST_004425,0.64146113,1,Medium,54.25,1,Month-to-month
CUST_004426,0.17012279,0,Low,52.84,12,Two year
CUST_004427,0.4857406,0,Medium,99.5,29,Month-to-month
CUST_004428,0.33787158,0,Medium,78.98,6,Month-to-month
CUST_004429,0.28950888,0,Low,85.67,38,Month-to-month
CUST_004430,0.5154987,1,Medium,95.65,23,Month-to-month
CUST_004431,0.35846755,0,Medium,78.15,21,Month-to-month
CUST_004432,0.38238928,0,Medium,88.21,10,One year
CUST_004433,0.44688937,0,Medium,25.52,15,Month-to-month
CUST_004434,0.454143,0,Medium,70.1,21,Month-to-month
CUST_004435,0.16529484,0,Low,60.43,15,Two year
CUST_004436,0.5095064,1,Medium,106.94,28,Month-to-month
CUST_004437,0.4666712,0,Medium,88.19,13,Month-to-month
CUST_004438,0.7297708,1,High,49.24,5,Month-to-month
CUST_004439,0.7605,1,High,74.32,5,Month-to-month
CUST_004440,0.66077995,1,Medium,69.19,1,Month-to-month
CUST_004441,0.4908744,0,Medium,76.36,8,Month-to-month
CUST_004442,0.13617818,0,Low,39.53,33,One year
CUST_004443,0.13257836,0,Low,74.0,37,One year
CUST_004444,0.57563144,1,Medium,59.3,5,One year
CUST_004445,0.14553142,0,Low,72.06,72,One year
CUST_004446,0.61387813,1,Medium,46.89,16,Month-to-month
CUST_004447,0.21551435,0,Low,50.37,59,Month-to-month
CUST_004448,0.17823356,0,Low,94.35,29,One year
CUST_004449,0.42419672,0,Medium,38.71,30,Month-to-month
CUST_004450,0.5792951,1,Medium,40.56,2,Month-to-month
CUST_004451,0.71299607,1,High,63.71,5,One year
CUST_004452,0.5657605,1,Medium,45.7,1,Month-to-month
CUST_004453,0.13393578,0,Low,42.87,30,One year
CUST_004454,0.4267746,0,Medium,67.63,10,Month-to-month
CUST_004455,0.30812705,0,Medium,27.37,37,Two year
CUST_004456,0.22904302,0,Low,39.8,9,One year
CUST_004457,0.44229454,0,Medium,116.35,41,Month-to-month
CUST_004458,0.4063155,0,Medium,76.49,3,One year
CUST_004459,0.45371294,0,Medium,46.34,4,One year
CUST_004460,0.41009435,0,Medium,75.46,10,One year
CUST_004461,0.4727096,0,Medium,79.18,12,Month-to-month
CUST_004462,0.5698154,1,Medium,89.86,10,Month-to-month
CUST_004463,0.29716098,0,Low,61.82,34,Month-to-month
CUST_004464,0.6745185,1,Medium,89.41,2,Month-to-month
CUST_004465,0.18485361,0,Low,15.0,10,Two year
CUST_004466,0.20053461,0,Low,38.59,43,Month-to-month
CUST_004467,0.62357,1,Medium,69.1,1,Month-to-month
CUST_004468,0.19462377,0,Low,73.24,68,Month-to-month
CUST_004469,0.12835476,0,Low,42.21,72,Two year
CUST_004470,0.69197917,1,Medium,71.49,2,One year
CUST_004471,0.2208462,0,Low,49.4,8,One year
CUST_004472,0.13467327,0,Low,58.08,11,Two year
CUST_004473,0.18501645,0,Low,90.62,35,Two year
CUST_004474,0.28892362,0,Low,87.72,21,One year
CUST_004475,0.32420504,0,Medium,40.07,24,Month-to-month
CUST_004476,0.29443204,0,Low,38.57,34,Month-to-month
CUST_004477,0.59141886,1,Medium,54.72,3,One year
CUST_004478,0.3192794,0,Medium,64.33,42,Month-to-month
CUST_004479,0.16294055,0,Low,48.55,29,One year
CUST_004480,0.51352894,1,Medium,91.02,20,Month-to-month
CUST_004481,0.12612075,0,Low,73.68,52,One year
CUST_004482,0.27200165,0,Low,75.15,28,Month-to-month
CUST_004483,0.6573797,1,Medium,33.34,5,Month-to-month
CUST_004484,0.22279687,0,Low,94.18,13,One year
CUST_004485,0.3701194,0,Medium,15.0,16,Month-to-month
CUST_004486,0.5261404,1,Medium,85.85,1,One year
CUST_004487,0.1304581,0,Low,88.36,72,One year
CUST_004488,0.35631293,0,Medium,54.19,3,Two year
CUST_004489,0.17656735,0,Low,96.82,28,Two year
CUST_004490,0.53283244,1,Medium,63.42,16,Month-to-month
CUST_004491,0.67637646,1,Medium,66.56,1,One year
CUST_004492,0.2423192,0,Low,73.49,62,Month-to-month
CUST_004493,0.5796764,1,Medium,144.66,45,Month-to-month
CUST_004494,0.40998003,0,Medium,98.61,17,One year
CUST_004495,0.24936293,0,Low,82.53,6,One year
CUST_004496,0.7201036,1,High,42.18,3,Month-to-month
CUST_004497,0.33878237,0,Medium,68.59,10,Month-to-month
CUST_004498,0.17064957,0,Low,44.67,7,Two year
CUST_004499,0.55266523,1,Medium,85.55,16,Month-to-month
CUST_004500,0.12612075,0,Low,68.51,72,Two year
CUST_004501,0.18688478,0,Low,36.89,20,One year
CUST_004502,0.26677024,0,Low,67.03,52,Month-to-month
CUST_004503,0.43621382,0,Medium,43.76,25,Month-to-month
CUST_004504,0.45210087,0,Medium,68.78,15,Month-to-month
CUST_004505,0.13393578,0,Low,43.52,46,Two year
CUST_004506,0.1715037,0,Low,65.69,15,Two year
CUST_004507,0.14068341,0,Low,83.76,48,One year
CUST_004508,0.3984293,0,Medium,63.67,8,Month-to-month
CUST_004509,0.5048239,1,Medium,55.23,3,One year
CUST_004510,0.36690477,0,Medium,70.08,46,Month-to-month
CUST_004511,0.19813539,0,Low,82.43,21,One year
CUST_004512,0.41649628,0,Medium,37.32,52,Month-to-month
CUST_004513,0.14750776,0,Low,71.52,66,Two year
CUST_004514,0.6113016,1,Medium,97.94,1,One year
CUST_004515,0.49270278,0,Medium,79.34,16,Month-to-month
CUST_004516,0.18200335,0,Low,66.44,11,Two year
CUST_004517,0.6165694,1,Medium,80.99,23,Month-to-month
CUST_004518,0.20314816,0,Low,76.31,37,Month-to-month
CUST_004519,0.44742975,0,Medium,83.84,7,Month-to-month
CUST_004520,0.26721227,0,Low,15.0,19,One year
CUST_004521,0.14037634,0,Low,26.16,29,Two year
CUST_004522,0.27262494,0,Low,90.12,3,Two year
CUST_004523,0.12835476,0,Low,27.37,40,One year
CUST_004524,0.43168846,0,Medium,75.04,22,Month-to-month
CUST_004525,0.21603118,0,Low,56.2,71,Month-to-month
CUST_004526,0.67288303,1,Medium,40.1,9,Month-to-month
CUST_004527,0.31359696,0,Medium,73.74,2,Two year
CUST_004528,0.15190318,0,Low,70.03,16,Two year
CUST_004529,0.6616936,1,Medium,117.76,2,Month-to-month
CUST_004530,0.13393578,0,Low,49.38,72,One year
CUST_004531,0.6203069,1,Medium,101.0,1,One year
CUST_004532,0.34291562,0,Medium,73.81,33,Month-to-month
CUST_004533,0.18466209,0,Low,48.47,17,One year
CUST_004534,0.2626861,0,Low,84.98,11,Two year
CUST_004535,0.5931902,1,Medium,79.14,1,Month-to-month
CUST_004536,0.1643728,0,Low,65.9,23,Two year
CUST_004537,0.43339375,0,Medium,71.66,21,Month-to-month
CUST_004538,0.41992834,0,Medium,50.08,7,Month-to-month
CUST_004539,0.27028587,0,Low,44.36,57,Month-to-month
CUST_004540,0.29004544,0,Low,83.99,8,Two year
CUST_004541,0.39691392,0,Medium,59.4,14,Month-to-month
CUST_004542,0.42266196,0,Medium,63.0,18,One year
CUST_004543,0.4366154,0,Medium,72.0,2,One year
CUST_004544,0.3614863,0,Medium,71.63,64,Month-to-month
CUST_004545,0.17023864,0,Low,29.27,11,Two year
CUST_004546,0.6734,1,Medium,97.16,2,Month-to-month
CUST_004547,0.16389713,0,Low,68.03,11,Two year
CUST_004548,0.30977938,0,Medium,59.93,22,Month-to-month
CUST_004549,0.19110306,0,Low,75.77,17,One year
CUST_004550,0.1880234,0,Low,70.91,28,One year
CUST_004551,0.26742676,0,Low,84.18,1,Two year
CUST_004552,0.743206,1,High,78.45,8,Month-to-month
CUST_004553,0.48756576,0,Medium,82.95,41,One year
CUST_004554,0.63593805,1,Medium,98.77,1,Month-to-month
CUST_004555,0.54296654,1,Medium,87.09,46,Month-to-month
CUST_004556,0.6436585,1,Medium,60.99,2,Month-to-month
CUST_004557,0.3402265,0,Medium,36.93,43,Month-to-month
CUST_004558,0.19297077,0,Low,106.69,10,Two year
CUST_004559,0.20540377,0,Low,59.06,22,One year
CUST_004560,0.6268662,1,Medium,53.17,3,Month-to-month
CUST_004561,0.31215915,0,Medium,21.58,1,Two year
CUST_004562,0.6764606,1,Medium,73.46,5,Month-to-month
CUST_004563,0.55832183,1,Medium,68.72,3,One year
CUST_004564,0.18147647,0,Low,27.12,8,Two year
CUST_004565,0.17646818,0,Low,76.33,17,Two year
CUST_004566,0.5471989,1,Medium,52.55,21,Month-to-month
CUST_004567,0.21842666,0,Low,132.26,37,One year
CUST_004568,0.40912542,0,Medium,50.77,25,Month-to-month
CUST_004569,0.26168787,0,Low,54.12,22,Two year
CUST_004570,0.17395253,0,Low,43.13,12,One year
CUST_004571,0.264157,0,Low,96.95,15,One year
CUST_004572,0.41325676,0,Medium,55.68,12,Month-to-month
CUST_004573,0.13313846,0,Low,46.88,44,One year
CUST_004574,0.3188618,0,Medium,82.67,6,One year
CUST_004575,0.62026477,1,Medium,30.49,1,One year
CUST_004576,0.17578435,0,Low,80.63,25,One year
CUST_004577,0.47415987,0,Medium,109.53,5,Two year
CUST_004578,0.12620941,0,Low,79.17,52,One year
CUST_004579,0.41003233,0,Medium,80.95,47,Month-to-month
CUST_004580,0.20505199,0,Low,86.75,1,Two year
CUST_004581,0.5808067,1,Medium,107.74,2,Month-to-month
CUST_004582,0.23092476,0,Low,95.25,16,One year
CUST_004583,0.1841116,0,Low,75.99,22,Two year
CUST_004584,0.38742688,0,Medium,87.6,7,Month-to-month
CUST_004585,0.12835476,0,Low,42.85,30,Two year
CUST_004586,0.16030507,0,Low,84.41,21,One year
CUST_004587,0.20774455,0,Low,39.86,9,One year
CUST_004588,0.61502206,1,Medium,55.82,1,Month-to-month
CUST_004589,0.22647317,0,Low,15.0,33,Month-to-month
CUST_004590,0.37252,0,Medium,75.04,5,Two year
CUST_004591,0.22056408,0,Low,48.9,43,Month-to-month
CUST_004592,0.2103375,0,Low,92.78,13,One year
CUST_004593,0.40739292,0,Medium,74.75,20,Month-to-month
CUST_004594,0.3280142,0,Medium,93.1,49,Month-to-month
CUST_004595,0.13617818,0,Low,37.91,47,One year
CUST_004596,0.6587924,1,Medium,90.96,11,Month-to-month
CUST_004597,0.42646837,0,Medium,117.65,5,Two year
CUST_004598,0.3124523,0,Medium,84.1,35,One year
CUST_004599,0.1724662,0,Low,84.76,13,One year
CUST_004600,0.75212824,1,High,69.24,5,Month-to-month
CUST_004601,0.20373228,0,Low,51.88,56,Two year
CUST_004602,0.6897778,1,Medium,84.03,5,Month-to-month
CUST_004603,0.40944958,0,Medium,27.35,1,One year
CUST_004604,0.8302631,1,High,54.56,1,Month-to-month
CUST_004605,0.515216,1,Medium,20.72,23,Month-to-month
CUST_004606,0.1699402,0,Low,47.41,26,One year
CUST_004607,0.19018118,0,Low,81.05,8,One year
CUST_004608,0.42982253,0,Medium,77.63,9,Month-to-month
CUST_004609,0.4630601,0,Medium,66.27,9,Month-to-month
CUST_004610,0.16889845,0,Low,69.26,27,One year
CUST_004611,0.643331,1,Medium,17.85,1,Month-to-month
CUST_004612,0.25397617,0,Low,55.69,63,Month-to-month
CUST_004613,0.46894765,0,Medium,47.97,6,Month-to-month
CUST_004614,0.27702358,0,Low,48.52,72,Month-to-month
CUST_004615,0.6525924,1,Medium,79.99,4,Month-to-month
CUST_004616,0.26503262,0,Low,43.49,35,Month-to-month
CUST_004617,0.2906049,0,Low,49.88,6,One year
CUST_004618,0.6541363,1,Medium,15.0,2,Month-to-month
CUST_004619,0.13807586,0,Low,57.65,49,One year
CUST_004620,0.15361704,0,Low,37.8,46,Two year
CUST_004621,0.14014578,0,Low,66.98,12,Two year
CUST_004622,0.15361704,0,Low,41.22,29,Two year
CUST_004623,0.3915845,0,Medium,67.61,19,Month-to-month
CUST_004624,0.3984601,0,Medium,61.38,46,Month-to-month
CUST_004625,0.29400232,0,Low,106.8,9,Two year
CUST_004626,0.34453395,0,Medium,77.43,17,Month-to-month
CUST_004627,0.46714023,0,Medium,19.01,15,Month-to-month
CUST_004628,0.1953296,0,Low,33.38,10,One year
CUST_004629,0.4296787,0,Medium,66.38,53,Month-to-month
CUST_004630,0.43129525,0,Medium,41.75,4,Two year
CUST_004631,0.5704741,1,Medium,15.0,3,One year
CUST_004632,0.28834957,0,Low,98.74,20,One year
CUST_004633,0.18459173,0,Low,83.01,25,Two year
CUST_004634,0.7495763,1,High,78.02,5,Month-to-month
CUST_004635,0.24165152,0,Low,49.82,11,One year
CUST_004636,0.41567284,0,Medium,75.69,70,Month-to-month
CUST_004637,0.2532424,0,Low,47.39,6,One year
CUST_004638,0.61424935,1,Medium,70.12,26,Month-to-month
CUST_004639,0.13942525,0,Low,41.99,32,One year
CUST_004640,0.27630013,0,Low,102.91,14,Two year
CUST_004641,0.3845358,0,Medium,25.74,66,Month-to-month
CUST_004642,0.39658332,0,Medium,95.81,32,Month-to-month
CUST_004643,0.41350648,0,Medium,65.97,14,Month-to-month
CUST_004644,0.39023206,0,Medium,52.76,20,Month-to-month
CUST_004645,0.30033335,0,Medium,69.18,28,Month-to-month
CUST_004646,0.1635397,0,Low,83.33,21,Two year
CUST_004647,0.3672604,0,Medium,99.17,50,Month-to-month
CUST_004648,0.41240543,0,Medium,72.83,10,Month-to-month
CUST_004649,0.21361165,0,Low,42.73,8,One year
CUST_004650,0.6542745,1,Medium,66.39,5,Month-to-month
CUST_004651,0.69619036,1,Medium,110.42,1,Month-to-month
CUST_004652,0.42711404,0,Medium,98.69,1,One year
CUST_004653,0.23725162,0,Low,87.72,48,One year
CUST_004654,0.42563626,0,Medium,84.89,27,Month-to-month
CUST_004655,0.55243516,1,Medium,82.49,25,Month-to-month
CUST_004656,0.45703936,0,Medium,93.97,22,Month-to-month
CUST_004657,0.25001165,0,Low,53.58,45,Month-to-month
CUST_004658,0.3595469,0,Medium,31.12,15,Month-to-month
CUST_004659,0.16333836,0,Low,66.73,49,One year
CUST_004660,0.1713592,0,Low,44.56,10,Two year
CUST_004661,0.3845358,0,Medium,38.62,62,Month-to-month
CUST_004662,0.13283052,0,Low,46.99,28,One year
CUST_004663,0.6917051,1,Medium,127.13,7,Month-to-month
CUST_004664,0.1716355,0,Low,68.4,19,One year
CUST_004665,0.22351597,0,Low,74.05,18,One year
CUST_004666,0.428953,0,Medium,34.44,3,Two year
CUST_004667,0.33897513,0,Medium,18.91,21,Month-to-month
CUST_004668,0.43650553,0,Medium,44.52,9,Month-to-month
CUST_004669,0.591907,1,Medium,100.95,1,One year
CUST_004670,0.30394506,0,Medium,73.36,71,Month-to-month
CUST_004671,0.4221536,0,Medium,79.96,24,Month-to-month
CUST_004672,0.4248955,0,Medium,83.46,50,Month-to-month
CUST_004673,0.1395768,0,Low,50.22,27,One year
CUST_004674,0.56796944,1,Medium,99.7,10,Month-to-month
CUST_004675,0.1763796,0,Low,49.18,17,Two year
CUST_004676,0.55461526,1,Medium,100.16,27,Month-to-month
CUST_004677,0.32364526,0,Medium,76.06,72,Month-to-month
CUST_004678,0.32798442,0,Medium,20.27,7,One year
CUST_004679,0.25001165,0,Low,46.3,49,Month-to-month
CUST_004680,0.25240812,0,Low,20.38,61,Month-to-month
CUST_004681,0.4958897,0,Medium,94.08,26,Month-to-month
CUST_004682,0.20505792,0,Low,64.38,64,Month-to-month
CUST_004683,0.22513458,0,Low,15.0,12,One year
CUST_004684,0.34230834,0,Medium,74.39,72,Month-to-month
CUST_004685,0.13676862,0,Low,51.57,29,Two year
CUST_004686,0.58468807,1,Medium,27.9,1,One year
CUST_004687,0.51816535,1,Medium,106.95,56,Month-to-month
CUST_004688,0.41725028,0,Medium,67.68,15,Month-to-month
CUST_004689,0.45004556,0,Medium,57.66,14,Month-to-month
CUST_004690,0.47415423,0,Medium,55.01,20,Month-to-month
CUST_004691,0.5152499,1,Medium,27.17,3,One year
CUST_004692,0.54840326,1,Medium,32.39,15,Month-to-month
CUST_004693,0.13957767,0,Low,97.12,42,Two year
CUST_004694,0.5775961,1,Medium,53.15,1,Month-to-month
CUST_004695,0.43299958,0,Medium,65.55,7,Month-to-month
CUST_004696,0.711835,1,High,15.0,1,Month-to-month
CUST_004697,0.4260787,0,Medium,32.05,12,Month-to-month
CUST_004698,0.20517242,0,Low,80.25,31,Two year
CUST_004699,0.13257836,0,Low,74.44,38,One year
CUST_004700,0.24706687,0,Low,108.83,69,Month-to-month
CUST_004701,0.26874346,0,Low,98.57,22,Two year
CUST_004702,0.14817622,0,Low,59.23,7,Two year
CUST_004703,0.12612075,0,Low,76.82,61,One year
CUST_004704,0.14462055,0,Low,57.08,35,Two year
CUST_004705,0.2674278,0,Low,116.37,20,One year
CUST_004706,0.42175198,0,Medium,93.73,28,One year
CUST_004707,0.39427385,0,Medium,69.24,61,Month-to-month
CUST_004708,0.25678918,0,Low,70.01,29,Month-to-month
CUST_004709,0.2122346,0,Low,101.12,11,One year
CUST_004710,0.23094922,0,Low,79.49,29,Two year
CUST_004711,0.5291294,1,Medium,103.97,1,One year
CUST_004712,0.3568186,0,Medium,15.0,11,Two year
CUST_004713,0.49370995,0,Medium,76.53,12,Month-to-month
CUST_004714,0.57077706,1,Medium,52.11,4,One year
CUST_004715,0.51965994,1,Medium,108.91,1,One year
CUST_004716,0.41778308,0,Medium,103.66,3,One year
CUST_004717,0.1922928,0,Low,65.82,25,One year
CUST_004718,0.4888457,0,Medium,103.39,38,Month-to-month
CUST_004719,0.4161207,0,Medium,109.58,72,Month-to-month
CUST_004720,0.3802225,0,Medium,66.86,10,Two year
CUST_004721,0.44659626,0,Medium,126.8,21,Month-to-month
CUST_004722,0.21059588,0,Low,64.22,66,Month-to-month
CUST_004723,0.73410237,1,High,59.64,4,Month-to-month
CUST_004724,0.27230215,0,Low,86.65,30,Month-to-month
CUST_004725,0.20637307,0,Low,56.16,33,One year
CUST_004726,0.5601117,1,Medium,67.13,2,One year
CUST_004727,0.19151993,0,Low,100.24,47,Two year
CUST_004728,0.33101538,0,Medium,65.48,40,Month-to-month
CUST_004729,0.61067045,1,Medium,22.62,1,One year
CUST_004730,0.31482974,0,Medium,74.18,2,Two year
CUST_004731,0.34299996,0,Medium,47.59,1,Two year
CUST_004732,0.21764094,0,Low,86.63,9,Two year
CUST_004733,0.32951295,0,Medium,82.4,17,One year
CUST_004734,0.51855737,1,Medium,101.79,18,Month-to-month
CUST_004735,0.5196187,1,Medium,87.69,7,Month-to-month
CUST_004736,0.132444,0,Low,92.26,58,Two year
CUST_004737,0.17791416,0,Low,48.27,11,Two year
CUST_004738,0.5601837,1,Medium,85.1,1,One year
CUST_004739,0.7002568,1,High,114.21,8,Month-to-month
CUST_004740,0.15508108,0,Low,47.78,18,One year
CUST_004741,0.5330712,1,Medium,109.99,12,Month-to-month
CUST_004742,0.38856167,0,Medium,51.27,7,Month-to-month
CUST_004743,0.6866135,1,Medium,43.7,3,Month-to-month
CUST_004744,0.12729606,0,Low,72.41,41,Two year
CUST_004745,0.22778547,0,Low,82.9,72,Month-to-month
CUST_004746,0.30510643,0,Medium,87.79,9,One year
CUST_004747,0.5076207,1,Medium,40.96,11,Month-to-month
CUST_004748,0.21451041,0,Low,75.86,23,One year
CUST_004749,0.13393578,0,Low,47.86,30,One year
CUST_004750,0.14732349,0,Low,27.78,11,Two year
CUST_004751,0.34291306,0,Medium,41.78,56,Month-to-month
CUST_004752,0.55523247,1,Medium,46.23,19,Month-to-month
CUST_004753,0.29418424,0,Low,78.04,14,One year
CUST_004754,0.50455856,1,Medium,93.81,24,Month-to-month
CUST_004755,0.3300579,0,Medium,28.17,72,Month-to-month
CUST_004756,0.22733493,0,Low,73.8,37,One year
CUST_004757,0.4338855,0,Medium,35.58,1,One year
CUST_004758,0.58118707,1,Medium,80.73,9,Month-to-month
CUST_004759,0.6150064,1,Medium,49.43,15,Month-to-month
CUST_004760,0.19977808,0,Low,38.72,9,Two year
CUST_004761,0.15697372,0,Low,84.99,28,One year
CUST_004762,0.24152409,0,Low,50.33,42,Month-to-month
CUST_004763,0.4238437,0,Medium,57.1,31,Month-to-month
CUST_004764,0.28830603,0,Low,15.0,72,One year
CUST_004765,0.5083437,1,Medium,88.66,7,Month-to-month
CUST_004766,0.12779585,0,Low,85.52,49,Two year
CUST_004767,0.16301233,0,Low,65.14,34,One year
CUST_004768,0.37633023,0,Medium,26.81,10,Month-to-month
CUST_004769,0.22151658,0,Low,95.23,31,Two year
CUST_004770,0.7026751,1,High,48.34,2,Month-to-month
CUST_004771,0.21551435,0,Low,53.67,37,Month-to-month
CUST_004772,0.20082445,0,Low,122.8,18,One year
CUST_004773,0.26531842,0,Low,47.41,8,One year
CUST_004774,0.47751775,0,Medium,83.56,25,Month-to-month
CUST_004775,0.45807117,0,Medium,79.05,24,Month-to-month
CUST_004776,0.7447175,1,High,74.75,5,Month-to-month
CUST_004777,0.60946006,1,Medium,72.05,1,Month-to-month
CUST_004778,0.19358575,0,Low,74.41,13,One year
CUST_004779,0.15970142,0,Low,71.8,20,One year
CUST_004780,0.25223005,0,Low,63.7,50,Month-to-month
CUST_004781,0.4830287,0,Medium,102.78,63,Month-to-month
CUST_004782,0.30706373,0,Medium,32.18,18,Month-to-month
CUST_004783,0.46048948,0,Medium,90.54,33,Month-to-month
CUST_004784,0.62015104,1,Medium,85.56,13,Month-to-month
CUST_004785,0.40701023,0,Medium,82.46,32,Month-to-month
CUST_004786,0.72189903,1,High,92.92,5,Month-to-month
CUST_004787,0.20417815,0,Low,62.69,11,One year
CUST_004788,0.14962123,0,Low,18.28,24,One year
CUST_004789,0.66906524,1,Medium,63.19,1,Month-to-month
CUST_004790,0.13617818,0,Low,40.22,30,Two year
CUST_004791,0.13393578,0,Low,46.7,43,Two year
CUST_004792,0.19123459,0,Low,33.94,12,Two year
CUST_004793,0.20606638,0,Low,53.07,14,Two year
CUST_004794,0.15113771,0,Low,50.08,45,One year
CUST_004795,0.19356279,0,Low,15.0,35,One year
CUST_004796,0.5112955,1,Medium,82.51,8,Month-to-month
CUST_004797,0.4062126,0,Medium,120.51,9,One year
CUST_004798,0.16874489,0,Low,80.16,27,One year
CUST_004799,0.17847082,0,Low,59.93,19,One year
CUST_004800,0.58734024,1,Medium,63.63,4,One year
CUST_004801,0.6450687,1,Medium,54.48,8,Month-to-month
CUST_004802,0.12612075,0,Low,67.25,55,One year
CUST_004803,0.30147305,0,Medium,64.07,27,Month-to-month
CUST_004804,0.13866557,0,Low,43.97,72,One year
CUST_004805,0.1706446,0,Low,107.07,34,Two year
CUST_004806,0.15986899,0,Low,27.82,68,Two year
CUST_004807,0.4544596,0,Medium,82.96,5,One year
CUST_004808,0.24621592,0,Low,62.47,35,Month-to-month
CUST_004809,0.40738982,0,Medium,112.52,1,Two year
CUST_004810,0.38809335,0,Medium,73.52,26,Month-to-month
CUST_004811,0.22207317,0,Low,56.0,15,Two year
CUST_004812,0.29007906,0,Low,58.81,10,Month-to-month
CUST_004813,0.37903002,0,Medium,66.0,47,Month-to-month
CUST_004814,0.26062825,0,Low,36.43,46,One year
CUST_004815,0.59140515,1,Medium,45.83,1,One year
CUST_004816,0.393121,0,Medium,20.38,22,Month-to-month
CUST_004817,0.1937988,0,Low,41.93,11,One year
CUST_004818,0.1960663,0,Low,67.35,12,One year
CUST_004819,0.2785942,0,Low,72.5,42,Month-to-month
CUST_004820,0.31011054,0,Medium,15.52,8,One year
CUST_004821,0.19651096,0,Low,61.57,68,Month-to-month
CUST_004822,0.43803954,0,Medium,79.09,4,One year
CUST_004823,0.42356366,0,Medium,60.93,26,Month-to-month
CUST_004824,0.2730507,0,Low,49.16,26,One year
CUST_004825,0.42485404,0,Medium,54.7,6,Month-to-month
CUST_004826,0.46306676,0,Medium,51.48,9,Month-to-month
CUST_004827,0.13393578,0,Low,49.08,43,One year
CUST_004828,0.22088729,0,Low,69.35,34,One year
CUST_004829,0.34286177,0,Medium,122.69,9,Two year
CUST_004830,0.14270112,0,Low,46.41,18,Two year
CUST_004831,0.6419373,1,Medium,57.05,1,One year
CUST_004832,0.7072663,1,High,63.71,5,Month-to-month
CUST_004833,0.35331905,0,Medium,47.82,15,Month-to-month
CUST_004834,0.670602,1,Medium,92.46,2,Month-to-month
CUST_004835,0.39464718,0,Medium,15.0,44,Month-to-month
CUST_004836,0.14053081,0,Low,51.72,30,Two year
CUST_004837,0.47753978,0,Medium,85.46,69,Month-to-month
CUST_004838,0.2621226,0,Low,57.65,28,Month-to-month
CUST_004839,0.26661733,0,Low,44.48,67,Month-to-month
CUST_004840,0.79022425,1,High,76.02,19,Month-to-month
CUST_004841,0.7872749,1,High,87.66,22,Month-to-month
CUST_004842,0.15639205,0,Low,70.27,72,One year
CUST_004843,0.43437704,0,Medium,44.97,24,Month-to-month
CUST_004844,0.6608152,1,Medium,76.41,1,One year
CUST_004845,0.15740813,0,Low,54.95,30,One year
CUST_004846,0.1266166,0,Low,83.63,56,One year
CUST_004847,0.22993721,0,Low,102.08,38,One year
CUST_004848,0.14290299,0,Low,15.0,21,One year
CUST_004849,0.41610226,0,Medium,67.78,26,Month-to-month
CUST_004850,0.30615577,0,Medium,21.61,72,Month-to-month
CUST_004851,0.3748484,0,Medium,126.04,2,Two year
CUST_004852,0.44843426,0,Medium,53.3,26,Month-to-month
CUST_004853,0.4602019,0,Medium,83.66,7,Month-to-month
CUST_004854,0.36859798,0,Medium,64.12,24,Month-to-month
CUST_004855,0.15349106,0,Low,44.92,22,One year
CUST_004856,0.7782539,1,High,41.95,3,Month-to-month
CUST_004857,0.5107759,1,Medium,104.64,5,One year
CUST_004858,0.23669222,0,Low,88.9,23,One year
CUST_004859,0.6859269,1,Medium,113.59,3,Month-to-month
CUST_004860,0.4611946,0,Medium,66.39,7,Month-to-month
CUST_004861,0.14706498,0,Low,72.2,43,One year
CUST_004862,0.33250278,0,Medium,58.32,9,Month-to-month
CUST_004863,0.3879786,0,Medium,57.82,16,Month-to-month
CUST_004864,0.23128396,0,Low,38.95,67,Month-to-month
CUST_004865,0.16582143,0,Low,67.1,6,One year
CUST_004866,0.20176148,0,Low,45.27,11,One year
CUST_004867,0.3716889,0,Medium,76.05,22,Month-to-month
CUST_004868,0.1571984,0,Low,69.25,33,One year
CUST_004869,0.15639205,0,Low,72.19,55,One year
CUST_004870,0.2863292,0,Low,106.88,59,Month-to-month
CUST_004871,0.3580884,0,Medium,64.06,35,Month-to-month
CUST_004872,0.30904835,0,Medium,83.92,6,Two year
CUST_004873,0.40549225,0,Medium,116.29,1,One year
CUST_004874,0.32230756,0,Medium,97.67,11,One year
CUST_004875,0.6217247,1,Medium,93.83,3,Month-to-month
CUST_004876,0.15086626,0,Low,57.33,29,One year
CUST_004877,0.18937902,0,Low,70.74,25,One year
CUST_004878,0.59457,1,Medium,32.04,1,Month-to-month
CUST_004879,0.18076925,0,Low,77.47,43,Two year
CUST_004880,0.49646476,0,Medium,71.86,6,Month-to-month
CUST_004881,0.36488867,0,Medium,65.58,13,Month-to-month
CUST_004882,0.46693927,0,Medium,90.68,26,Month-to-month
CUST_004883,0.1754087,0,Low,34.81,13,One year
CUST_004884,0.3549442,0,Medium,105.87,13,One year
CUST_004885,0.69585174,1,Medium,87.54,1,One year
CUST_004886,0.14856853,0,Low,63.23,12,Two year
CUST_004887,0.28622398,0,Low,61.28,34,Month-to-month
CUST_004888,0.12612075,0,Low,77.02,59,One year
CUST_004889,0.53162044,1,Medium,103.02,12,One year
CUST_004890,0.18180111,0,Low,67.54,13,Two year
CUST_004891,0.2957198,0,Low,68.6,29,Month-to-month
CUST_004892,0.15285866,0,Low,65.45,68,Two year
CUST_004893,0.5951072,1,Medium,109.55,7,Month-to-month
CUST_004894,0.22542319,0,Low,55.78,13,One year
CUST_004895,0.15413158,0,Low,64.26,38,One year
CUST_004896,0.26205277,0,Low,101.59,22,Two year
CUST_004897,0.6369642,1,Medium,68.68,2,Month-to-month
CUST_004898,0.4637865,0,Medium,93.43,23,Month-to-month
CUST_004899,0.6100654,1,Medium,42.22,4,Month-to-month
CUST_004900,0.20159356,0,Low,59.87,17,One year
CUST_004901,0.30523166,0,Medium,102.11,18,One year
CUST_004902,0.13393578,0,Low,48.09,50,Two year
CUST_004903,0.32243103,0,Medium,61.22,14,Month-to-month
CUST_004904,0.708521,1,High,71.42,7,Month-to-month
CUST_004905,0.41606253,0,Medium,40.27,6,Month-to-month
CUST_004906,0.2673599,0,Low,54.65,49,Month-to-month
CUST_004907,0.5813779,1,Medium,67.82,4,One year
CUST_004908,0.14730234,0,Low,66.17,13,Two year
CUST_004909,0.38408202,0,Medium,97.01,4,Two year
CUST_004910,0.31409642,0,Medium,103.54,35,Month-to-month
CUST_004911,0.4392152,0,Medium,43.6,15,Month-to-month
CUST_004912,0.48278224,0,Medium,67.78,10,Month-to-month
CUST_004913,0.34534413,0,Medium,81.86,10,One year
CUST_004914,0.16708633,0,Low,102.91,45,Two year
CUST_004915,0.4765854,0,Medium,82.96,19,Month-to-month
CUST_004916,0.2799681,0,Low,72.27,30,Month-to-month
CUST_004917,0.1266166,0,Low,81.66,54,One year
CUST_004918,0.1266166,0,Low,81.84,55,One year
CUST_004919,0.4373431,0,Medium,41.81,9,Month-to-month
CUST_004920,0.15639205,0,Low,69.82,72,Two year
CUST_004921,0.8228376,1,High,101.48,1,Month-to-month
CUST_004922,0.13467327,0,Low,59.82,11,Two year
CUST_004923,0.24012072,0,Low,68.24,54,Month-to-month
CUST_004924,0.6249938,1,Medium,58.94,7,Month-to-month
CUST_004925,0.31340432,0,Medium,15.0,7,Month-to-month
CUST_004926,0.44299078,0,Medium,65.51,8,Month-to-month
CUST_004927,0.2293531,0,Low,72.54,22,One year
CUST_004928,0.17252481,0,Low,52.19,13,One year
CUST_004929,0.22240102,0,Low,36.13,31,Month-to-month
CUST_004930,0.32362756,0,Medium,42.98,54,One year
CUST_004931,0.52192,1,Medium,84.1,26,Month-to-month
CUST_004932,0.6771633,1,Medium,114.31,5,Month-to-month
CUST_004933,0.22075628,0,Low,99.56,64,Two year
CUST_004934,0.17196473,0,Low,31.39,7,Two year
CUST_004935,0.6682585,1,Medium,86.37,3,Month-to-month
CUST_004936,0.6851595,1,Medium,48.42,2,Month-to-month
CUST_004937,0.17343639,0,Low,50.44,19,One year
CUST_004938,0.674124,1,Medium,53.45,2,Month-to-month
CUST_004939,0.5444937,1,Medium,82.65,3,One year
CUST_004940,0.2154903,0,Low,88.98,8,One year
CUST_004941,0.38483766,0,Medium,62.55,7,Month-to-month
CUST_004942,0.29115468,0,Low,62.97,22,Month-to-month
CUST_004943,0.13974583,0,Low,76.61,40,One year
CUST_004944,0.3598108,0,Medium,79.2,34,Month-to-month
CUST_004945,0.6701,1,Medium,94.41,7,Month-to-month
CUST_004946,0.28537565,0,Low,32.89,6,One year
CUST_004947,0.12612075,0,Low,65.5,72,One year
CUST_004948,0.59894747,1,Medium,38.3,1,Month-to-month
CUST_004949,0.15639205,0,Low,63.73,50,Two year
CUST_004950,0.4741528,0,Medium,59.35,5,One year
CUST_004951,0.19651096,0,Low,63.83,70,Month-to-month
CUST_004952,0.3617168,0,Medium,45.01,10,Month-to-month
CUST_004953,0.20570558,0,Low,27.82,13,One year
CUST_004954,0.21609177,0,Low,15.0,29,Month-to-month
CUST_004955,0.42266992,0,Medium,61.72,21,Month-to-month
CUST_004956,0.21537726,0,Low,54.22,9,One year
CUST_004957,0.18223919,0,Low,48.1,19,One year
CUST_004958,0.25182268,0,Low,98.06,31,One year
CUST_004959,0.38837072,0,Medium,43.51,1,One year
CUST_004960,0.74812454,1,High,100.42,1,Month-to-month
CUST_004961,0.4734205,0,Medium,105.6,14,Month-to-month
CUST_004962,0.61136144,1,Medium,16.23,3,One year
CUST_004963,0.28174597,0,Low,67.31,26,One year
CUST_004964,0.5319946,1,Medium,55.01,5,One year
CUST_004965,0.32661587,0,Medium,15.0,13,Month-to-month
CUST_004966,0.28599223,0,Low,28.88,5,Two year
CUST_004967,0.48502564,0,Medium,84.37,19,Month-to-month
CUST_004968,0.75889546,1,High,115.48,2,Month-to-month
CUST_004969,0.6907239,1,Medium,87.57,1,Month-to-month
CUST_004970,0.72134125,1,High,73.09,1,Month-to-month
CUST_004971,0.15639205,0,Low,64.47,72,One year
CUST_004972,0.7093706,1,High,107.07,3,Month-to-month
CUST_004973,0.41444388,0,Medium,118.71,29,Month-to-month
CUST_004974,0.47176468,0,Medium,50.33,1,Month-to-month
CUST_004975,0.6304117,1,Medium,15.0,2,One year
CUST_004976,0.19352289,0,Low,15.0,17,Two year
CUST_004977,0.2675519,0,Low,98.05,15,One year
CUST_004978,0.21755613,0,Low,63.82,72,Month-to-month
CUST_004979,0.14750776,0,Low,69.58,69,One year
CUST_004980,0.3788738,0,Medium,20.23,36,Month-to-month
CUST_004981,0.4100804,0,Medium,46.17,22,Month-to-month
CUST_004982,0.13821259,0,Low,57.61,14,Two year
CUST_004983,0.49098465,0,Medium,70.2,10,Month-to-month
CUST_004984,0.29193395,0,Low,55.04,70,Month-to-month
CUST_004985,0.316566,0,Medium,39.07,22,Month-to-month
CUST_004986,0.5513879,1,Medium,45.39,20,Month-to-month
CUST_004987,0.64707005,1,Medium,95.21,6,Month-to-month
CUST_004988,0.6831966,1,Medium,71.12,1,Month-to-month
CUST_004989,0.23472984,0,Low,80.3,69,Month-to-month
CUST_004990,0.13410681,0,Low,42.53,9,Two year
CUST_004991,0.22099985,0,Low,15.0,14,One year
CUST_004992,0.32438156,0,Medium,51.92,2,Two year
CUST_004993,0.12835476,0,Low,43.34,43,One year
CUST_004994,0.6222908,1,Medium,73.73,1,One year
CUST_004995,0.35130212,0,Medium,147.14,43,Month-to-month
CUST_004996,0.61507285,1,Medium,82.38,3,Month-to-month
CUST_004997,0.20785706,0,Low,133.4,52,One year
CUST_004998,0.31653026,0,Medium,79.22,31,Month-to-month
CUST_004999,0.6805987,1,Medium,49.25,4,Month-to-month
CUST_005000,0.48552334,0,Medium,73.7,20,Month-to-month
